-- CREATE TABLE LMS_SUPPLIERS_DETAILS --
CREATE TABLE LMS_SUPPLIERS_DETAILS 
( 
SUPPLIER_ID VARCHAR2(3) primary key, 
SUPPLIER_NAME VARCHAR2(30), 
ADDRESS VARCHAR2(50), 
CONTACT NUMBER(10), 
EMAIL VARCHAR2(15) 
);

desc LMS_SUPPLIERS_DETAILS
    
-- VIEW LMS_SUPPLIERS_DETAILS
select * from LMS_SUPPLIERS_DETAILS

-- INSERT VALUE IN LMS_SUPPLIERS_DETAILS TABLE
INSERT INTO LMS_SUPPLIERS_DETAILS (SUPPLIER_ID, SUPPLIER_NAME, ADDRESS, CONTACT, EMAIL) VALUES ('S01', 'SINGAPORE SHOPPEE', 'CHENNAI', '9894123555', 'sing@gmail.com')
INSERT INTO suppliers (SUPPLIER_ID, SUPPLIER_NAME, ADDRESS, CONTACT, EMAIL) VALUES ('S02', 'JK Stores', 'MUMBAI', '9940123450', 'jks@yahoo.com')
INSERT INTO suppliers (SUPPLIER_ID, SUPPLIER_NAME, ADDRESS, CONTACT, EMAIL) VALUES ('S02', 'JK Stores', 'MUMBAI', '9940123450', 'jks@yahoo.com')
INSERT INTO LMS_SUPPLIERS_DETAILS (SUPPLIER_ID, SUPPLIER_NAME, ADDRESS, CONTACT, EMAIL) VALUES ('S02', 'JK Stores', 'MUMBAI', '9940123450', 'jks@yahoo.com')
INSERT INTO LMS_SUPPLIERS_DETAILS (SUPPLIER_ID, SUPPLIER_NAME, ADDRESS, CONTACT, EMAIL)VALUES ('S03', 'ROSE BOOK STORE', 'TRIVANDRUM', '9444411222', 'rose@gmail.com')
INSERT INTO LMS_SUPPLIERS_DETAILS (SUPPLIER_ID, SUPPLIER_NAME, ADDRESS, CONTACT, EMAIL) VALUES ('S04', 'KAVARI STORE', 'DELHI', '8630001452', 'kavi@rediff.com')
INSERT INTO LMS_SUPPLIERS_DETAILS (SUPPLIER_ID, SUPPLIER_NAME, ADDRESS, CONTACT, EMAIL) VALUES ('S05', 'EINSTEN BOOK GALLARY', 'US', '9542000001', 'eingal@aol.com')
INSERT INTO LMS_SUPPLIERS_DETAILS (SUPPLIER_ID, SUPPLIER_NAME, ADDRESS, CONTACT, EMAIL) VALUES ('S06', 'AKBAR STORE', 'MUMBAI', '7855623100', 'akbakst@aol.com')
INSERT INTO LMS_SUPPLIERS_DETAILS (SUPPLIER_ID, SUPPLIER_NAME, ADDRESS, CONTACT, EMAIL) VALUES ('S07', 'GUPTA STORE', 'CHENNAI', '9899023555', 'rom@gmail.com')
INSERT INTO LMS_SUPPLIERS_DETAILS (SUPPLIER_ID, SUPPLIER_NAME, ADDRESS, CONTACT, EMAIL) VALUES ('S08', 'D MART', 'MUMBAI', '9940123450', 'dance@gmail.com')
INSERT INTO LMS_SUPPLIERS_DETAILS (SUPPLIER_ID, SUPPLIER_NAME, ADDRESS, CONTACT, EMAIL) VALUES ('S09', 'BIG BAZAAR', 'TRIVANDRUM', '9445511222', 'rock@gmail.com')
INSERT INTO LMS_SUPPLIERS_DETAILS (SUPPLIER_ID, SUPPLIER_NAME, ADDRESS, CONTACT, EMAIL) VALUES ('S10', 'JIO MART', 'DELHI', '8644001452', 'free@rediff.com')
INSERT INTO LMS_SUPPLIERS_DETAILS (SUPPLIER_ID, SUPPLIER_NAME, ADDRESS, CONTACT, EMAIL) VALUES ('S11', 'GODREJ FARM', 'US', '9542440001', 'champ@yahoo.com')
INSERT INTO LMS_SUPPLIERS_DETAILS (SUPPLIER_ID, SUPPLIER_NAME, ADDRESS, CONTACT, EMAIL) VALUES ('S12', 'ZOMATO', 'MUMBAI', '7855623440', 'money@gmail.com')

select * from LMS_SUPPLIERS_DETAILS

-- CREATE TABLE LMS_BOOK_DETAILS 
CREATE TABLE LMS_BOOK_DETAILS 
( 
BOOK_CODE VARCHAR2(10) PRIMARY KEY, 
BOOK_TITLE VARCHAR2(100), 
CATEGORY VARCHAR2(15), 
AUTHOR VARCHAR2(30), 
PUBLICATION VARCHAR2(30), 
PUBLISH_DATE DATE, 
BOOK_EDITION NUMBER, 
PRICE NUMBER(8,2), 
RACK_NUM VARCHAR2(3), 
DATE_ARRIVAL DATE, 
SUPPLIER_ID VARCHAR2(3), 
CONSTRAINT FK_SUPPLIER_ID FOREIGN KEY (SUPPLIER_ID) REFERENCES LMS_SUPPLIERS_DETAILS (SUPPLIER_ID) 
)

desc LMS_BOOK_DETAILS
-- VIEW LMS_BOOK_DETAILS TABLE
select * from LMS_BOOK_DETAILS
    
-- INSERT DATA IN LMS_BOOK_DETAILS TABLE
INSERT INTO LMS_BOOK_DETAILS (BOOK_CODE, BOOK_TITLE, CATEGORY, AUTHOR, PUBLICATION, PUBLISH_DATE, BOOK_EDITION, PRICE, RACK_NUM, DATE_ARRIVAL, SUPPLIER_ID)VALUES ('BL000011', 'C# 8.0 and .NET Core 3.0 – Modern Cross-Platform Development', 'C#', 'Mark J. Price', 'Packt Publishing', TO_DATE('31-10-2019', 'dd-mm-yyyy'), 4, 410, 'A3', TO_DATE('10-06-2019', 'dd-mm-yyyy'), NULL)
INSERT INTO LMS_BOOK_DETAILS (BOOK_CODE, BOOK_TITLE, CATEGORY, AUTHOR, PUBLICATION, PUBLISH_DATE, BOOK_EDITION, PRICE, RACK_NUM, DATE_ARRIVAL, SUPPLIER_ID) VALUES ('BL000013', 'Agile Principles, Patterns, and Practices in C#', 'C#', 'Robert C. Martin', 'Pearson', TO_DATE('20-06-2006', 'dd-mm-yyyy'), 5, 630, NULL, TO_DATE('12-09-2009', 'dd-mm-yyyy'), NULL)
INSERT INTO LMS_BOOK_DETAILS (BOOK_CODE, BOOK_TITLE, CATEGORY, AUTHOR, PUBLICATION, PUBLISH_DATE, BOOK_EDITION, PRICE, RACK_NUM, DATE_ARRIVAL, SUPPLIER_ID) VALUES ('BL000024', 'The Algorithm Design Manual', 'ALGORITHMS', 'Steven S. Skiena', 'Addison-Wesley Professional', TO_DATE('02-12-2012', 'dd-mm-yyyy'), 6, 456, 'A6', TO_DATE('02-12-2013', 'dd-mm-yyyy'), NULL)
INSERT INTO LMS_BOOK_DETAILS (BOOK_CODE, BOOK_TITLE, CATEGORY, AUTHOR, PUBLICATION, PUBLISH_DATE, BOOK_EDITION, PRICE, RACK_NUM, DATE_ARRIVAL, SUPPLIER_ID) VALUES ('BL000001', 'Java How To Do Program', 'JAVA', 'Paul J. Deitel', 'Prentice Hall', TO_DATE('10-12-1999', 'dd-mm-yyyy'), 6, 600, 'A1', TO_DATE('10-05-2011', 'dd-mm-yyyy'), 'S01')
INSERT INTO LMS_BOOK_DETAILS (BOOK_CODE, BOOK_TITLE, CATEGORY, AUTHOR, PUBLICATION, PUBLISH_DATE, BOOK_EDITION, PRICE, RACK_NUM, DATE_ARRIVAL, SUPPLIER_ID) VALUES ('BL000003', 'Java How To Do Program', 'JAVA', 'Paul J. Deitel', 'Prentice Hall', TO_DATE('10-05-1999', 'dd-mm-yyyy'), 6, 600, 'A1', TO_DATE('10-05-2012', 'dd-mm-yyyy'), 'S01')
INSERT INTO LMS_BOOK_DETAILS (BOOK_CODE, BOOK_TITLE, CATEGORY, AUTHOR, PUBLICATION, PUBLISH_DATE, BOOK_EDITION, PRICE, RACK_NUM, DATE_ARRIVAL, SUPPLIER_ID) VALUES ('BL000004', 'Java: The Complete Reference', 'JAVA', 'Herbert Schildt', 'Tata Mcgraw Hill', TO_DATE('10-10-2011', 'dd-mm-yyyy'), 5, 750, 'A1', TO_DATE('11-05-2012', 'dd-mm-yyyy'), 'S01')
INSERT INTO LMS_BOOK_DETAILS (BOOK_CODE, BOOK_TITLE, CATEGORY, AUTHOR, PUBLICATION, PUBLISH_DATE, BOOK_EDITION, PRICE, RACK_NUM, DATE_ARRIVAL, SUPPLIER_ID) VALUES ('BL000005', 'Java How To Do Program', 'JAVA', 'Paul J. Deitel', 'Prentice Hall', TO_DATE('10-12-1999', 'dd-mm-yyyy'), 6, 600, 'A1', TO_DATE('11-05-2012', 'dd-mm-yyyy'), 'S01')
INSERT INTO LMS_BOOK_DETAILS (BOOK_CODE, BOOK_TITLE, CATEGORY, AUTHOR, PUBLICATION, PUBLISH_DATE, BOOK_EDITION, PRICE, RACK_NUM, DATE_ARRIVAL, SUPPLIER_ID) VALUES ('BL000015', 'Introduction to Algorithms', 'ALGORITHMS', 'Thomas H. Cormen', 'The MIT Press', TO_DATE('02-06-2019', 'dd-mm-yyyy'), 3, 1220, 'A4', TO_DATE('02-08-2019', 'dd-mm-yyyy'), 'S01')
INSERT INTO LMS_BOOK_DETAILS (BOOK_CODE, BOOK_TITLE, CATEGORY, AUTHOR, PUBLICATION, PUBLISH_DATE, BOOK_EDITION, PRICE, RACK_NUM, DATE_ARRIVAL, SUPPLIER_ID) VALUES ('BL000021', 'Head First Design Patterns: A Brain-Friendly Guide', 'JAVA', 'Eric Freeman', 'O''Reilly Media', TO_DATE('05-05-2005', 'dd-mm-yyyy'), 1, 860, 'A2', TO_DATE('05-05-2006', 'dd-mm-yyyy'), 'S01')
INSERT INTO LMS_BOOK_DETAILS (BOOK_CODE, BOOK_TITLE, CATEGORY, AUTHOR, PUBLICATION, PUBLISH_DATE, BOOK_EDITION, PRICE, RACK_NUM, DATE_ARRIVAL, SUPPLIER_ID) VALUES ('BL000023', 'Algorithms Unlocked', 'ALGORITHMS', 'Thomas H. Cormen', 'The MIT Press', TO_DATE('02-12-2012', 'dd-mm-yyyy'), 2, 860, 'A8', TO_DATE('02-12-2013', 'dd-mm-yyyy'), 'S01')
INSERT INTO LMS_BOOK_DETAILS (BOOK_CODE, BOOK_TITLE, CATEGORY, AUTHOR, PUBLICATION, PUBLISH_DATE, BOOK_EDITION, PRICE, RACK_NUM, DATE_ARRIVAL, SUPPLIER_ID) VALUES ('BL000008', 'Python Cookbook: Recipes for Mastering Python 3', 'Python', 'Brian K. Jones', 'O''Reilly Media', TO_DATE('10-05-2013', 'dd-mm-yyyy'), 3, 350, NULL, TO_DATE('10-06-2019', 'dd-mm-yyyy'), 'S02')
INSERT INTO LMS_BOOK_DETAILS (BOOK_CODE, BOOK_TITLE, CATEGORY, AUTHOR, PUBLICATION, PUBLISH_DATE, BOOK_EDITION, PRICE, RACK_NUM, DATE_ARRIVAL, SUPPLIER_ID) VALUES ('BL000009', 'Learn Python in 1 Day', 'Python', 'Krishna Rungta', 'Guru99', TO_DATE('19-07-2016', 'dd-mm-yyyy'), 1, 307, 'A3', TO_DATE('10-06-2019', 'dd-mm-yyyy'), 'S02')
INSERT INTO LMS_BOOK_DETAILS (BOOK_CODE, BOOK_TITLE, CATEGORY, AUTHOR, PUBLICATION, PUBLISH_DATE, BOOK_EDITION, PRICE, RACK_NUM, DATE_ARRIVAL, SUPPLIER_ID) VALUES ('BL000016', 'Structure and Interpretation of Computer Programs (SICP)', 'FUNDAMENTALS', 'Harold Abelson', 'The MIT Press', TO_DATE('02-08-2011', 'dd-mm-yyyy'), 4, 1880, 'A5', TO_DATE('10-09-2014', 'dd-mm-yyyy'), 'S02')
INSERT INTO LMS_BOOK_DETAILS (BOOK_CODE, BOOK_TITLE, CATEGORY, AUTHOR, PUBLICATION, PUBLISH_DATE, BOOK_EDITION, PRICE, RACK_NUM, DATE_ARRIVAL, SUPPLIER_ID) VALUES ('BL000025', 'Algorithms', 'ALGORITHMS', 'Robert Sedgewick', 'The MIT Press', TO_DATE('06-04-2011', 'dd-mm-yyyy'), 2, 630, 'A3', TO_DATE('02-12-2013', 'dd-mm-yyyy'), 'S02')
INSERT INTO LMS_BOOK_DETAILS (BOOK_CODE, BOOK_TITLE, CATEGORY, AUTHOR, PUBLICATION, PUBLISH_DATE, BOOK_EDITION, PRICE, RACK_NUM, DATE_ARRIVAL, SUPPLIER_ID) VALUES ('BL000002', 'Java: The Complete Reference', 'JAVA', 'Herbert Schildt', 'Tata Mcgraw Hill', TO_DATE('10-10-2011', 'dd-mm-yyyy'), 5, 750, 'A1', TO_DATE('10-05-2011', 'dd-mm-yyyy'), 'S03')
INSERT INTO LMS_BOOK_DETAILS (BOOK_CODE, BOOK_TITLE, CATEGORY, AUTHOR, PUBLICATION, PUBLISH_DATE, BOOK_EDITION, PRICE, RACK_NUM, DATE_ARRIVAL, SUPPLIER_ID) VALUES ('BL000006', 'Java: The Complete Reference', 'JAVA', 'Herbert Schildt', 'Tata Mcgraw Hill', TO_DATE('10-10-2011', 'dd-mm-yyyy'), 5, 750, 'A1', TO_DATE('12-05-2012', 'dd-mm-yyyy'), 'S03')
INSERT INTO LMS_BOOK_DETAILS (BOOK_CODE, BOOK_TITLE, CATEGORY, AUTHOR, PUBLICATION, PUBLISH_DATE, BOOK_EDITION, PRICE, RACK_NUM, DATE_ARRIVAL, SUPPLIER_ID) VALUES ('BL000007', 'Let Us C', 'C', 'Yashavant Kanetkar', 'BPB Publications', TO_DATE('11-12-2010', 'dd-mm-yyyy'), 9, 500, 'A3', TO_DATE('03-11-2010', 'dd-mm-yyyy'), 'S03')
INSERT INTO LMS_BOOK_DETAILS (BOOK_CODE, BOOK_TITLE, CATEGORY, AUTHOR, PUBLICATION, PUBLISH_DATE, BOOK_EDITION, PRICE, RACK_NUM, DATE_ARRIVAL, SUPPLIER_ID) VALUES ('BL000010', 'Python Programming: An Introduction to Computer Science', 'Python', 'John M Zelle', 'Ingram short title', TO_DATE('01-01-2016', 'dd-mm-yyyy'), 3, 1200, NULL, NULL, 'S03')
INSERT INTO LMS_BOOK_DETAILS (BOOK_CODE, BOOK_TITLE, CATEGORY, AUTHOR, PUBLICATION, PUBLISH_DATE, BOOK_EDITION, PRICE, RACK_NUM, DATE_ARRIVAL, SUPPLIER_ID) VALUES ('BL000012', 'C# 8.0 Pocket Reference: Instant Help for C# 8.0 Programmers', 'C#', 'Joseph Albahari', 'O''Reilly Media', TO_DATE('10-12-2019', 'dd-mm-yyyy'), 1, 890, NULL, NULL, 'S03')
INSERT INTO LMS_BOOK_DETAILS (BOOK_CODE, BOOK_TITLE, CATEGORY, AUTHOR, PUBLICATION, PUBLISH_DATE, BOOK_EDITION, PRICE, RACK_NUM, DATE_ARRIVAL, SUPPLIER_ID) VALUES ('BL000018', 'Code Complete: A Practical Handbook of Software Construction', 'FUNDAMENTALS', 'Steve McConnell', 'Microsoft Press', TO_DATE('05-04-2011', 'dd-mm-yyyy'), 3, 4500, 'A5', TO_DATE('03-12-2011', 'dd-mm-yyyy'), 'S03')
INSERT INTO LMS_BOOK_DETAILS (BOOK_CODE, BOOK_TITLE, CATEGORY, AUTHOR, PUBLICATION, PUBLISH_DATE, BOOK_EDITION, PRICE, RACK_NUM, DATE_ARRIVAL, SUPPLIER_ID) VALUES ('BL000019', 'Design Patterns: Elements of Reusable Object-Oriented Software', 'FUNDAMENTALS', 'Erich Gamma', 'Addison-Wesley Professional', TO_DATE('02-01-2001', 'dd-mm-yyyy'), 1, 450, 'A8', TO_DATE('06-06-2011', 'dd-mm-yyyy'), 'S03')
INSERT INTO LMS_BOOK_DETAILS (BOOK_CODE, BOOK_TITLE, CATEGORY, AUTHOR, PUBLICATION, PUBLISH_DATE, BOOK_EDITION, PRICE, RACK_NUM, DATE_ARRIVAL, SUPPLIER_ID) VALUES ('BL000020', 'The Pragmatic Programmer', 'FUNDAMENTALS', 'David Thomas', 'Addison-Wesley Professional', TO_DATE('06-06-2006', 'dd-mm-yyyy'), 3, 750, 'A9', TO_DATE('12-12-2011', 'dd-mm-yyyy'), 'S03')
INSERT INTO LMS_BOOK_DETAILS (BOOK_CODE, BOOK_TITLE, CATEGORY, AUTHOR, PUBLICATION, PUBLISH_DATE, BOOK_EDITION, PRICE, RACK_NUM, DATE_ARRIVAL, SUPPLIER_ID) VALUES ('BL000026', 'Advanced Data Structures', 'DATA STRUCTURES', 'Peter Brass', 'The MIT Press', TO_DATE('08-08-2008', 'dd-mm-yyyy'), 6, 780, 'A3', TO_DATE('09-09-2009', 'dd-mm-yyyy'), 'S05')
INSERT INTO LMS_BOOK_DETAILS (BOOK_CODE, BOOK_TITLE, CATEGORY, AUTHOR, PUBLICATION, PUBLISH_DATE, BOOK_EDITION, PRICE, RACK_NUM, DATE_ARRIVAL, SUPPLIER_ID) VALUES ('BL000014', 'Clean Code: A Handbook of Agile Software Craftsmanship', 'FUNDAMENTALS', 'Robert C. Martin', 'Prentice Hall', TO_DATE('20-05-2018', 'dd-mm-yyyy'), 1, 520, 'A3', TO_DATE('01-06-2019', 'dd-mm-yyyy'), 'S06')
INSERT INTO LMS_BOOK_DETAILS (BOOK_CODE, BOOK_TITLE, CATEGORY, AUTHOR, PUBLICATION, PUBLISH_DATE, BOOK_EDITION, PRICE, RACK_NUM, DATE_ARRIVAL, SUPPLIER_ID) VALUES ('BL000017', 'The Clean Coder: A Code of Conduct for Professional Programmers', 'FUNDAMENTALS', 'Robert C. Martin', 'Prentice Hall', TO_DATE('02-06-2015', 'dd-mm-yyyy'), 5, 3000, 'A6', TO_DATE('10-02-2019', 'dd-mm-yyyy'), 'S06')

select * from LMS_BOOK_DETAILS

-- CREATE TABLE LMS_FINE_DETAILS 
CREATE TABLE LMS_FINE_DETAILS 
( 
FINE_RANGE VARCHAR2(3) PRIMARY KEY, 
FINE_AMOUNT NUMBER(10,2), 
MAX_DAYS_DELAYED NUMBER
)

DESC LMS_FINE_DETAILS
-- INSERT DATA IN LMS_FINE_DETAILS TABLE
INSERT INTO LMS_FINE_DETAILS (FINE_RANGE, FINE_AMOUNT, MAX_DAYS_DELAYED) VALUES ('R1', 20, 5);
INSERT INTO LMS_FINE_DETAILS (FINE_RANGE, FINE_AMOUNT, MAX_DAYS_DELAYED) VALUES ('R2', 50, 10);
INSERT INTO LMS_FINE_DETAILS (FINE_RANGE, FINE_AMOUNT, MAX_DAYS_DELAYED) VALUES ('R3', 60, 15);
INSERT INTO LMS_FINE_DETAILS (FINE_RANGE, FINE_AMOUNT, MAX_DAYS_DELAYED) VALUES ('R4', 100, 20);
INSERT INTO LMS_FINE_DETAILS (FINE_RANGE, FINE_AMOUNT, MAX_DAYS_DELAYED) VALUES ('R5', 150, 25);
INSERT INTO LMS_FINE_DETAILS (FINE_RANGE, FINE_AMOUNT, MAX_DAYS_DELAYED) VALUES ('R6', 200, 90);

-- VIEW DATA LMS_FINE_DETAILS TABLE
select * from LMS_FINE_DETAILS

-- CREATING TABLE LMS_MEMBERS 
CREATE TABLE LMS_MEMBERS 
( 
MEMBER_ID VARCHAR2(10) PRIMARY KEY, 
MEMBER_NAME VARCHAR2(30), 
CITY VARCHAR2(20),
DATE_REGISTER DATE,
DATE_EXPIRE DATE,
MEMBERSHIP_STATUS VARCHAR(15)
)

DESC LMS_MEMBERS

-- INSERT DATA LMS_MEMBERS TABLE
INSERT INTO LMS_MEMBERS (MEMBER_ID, MEMBER_NAME, CITY, DATE_REGISTER, DATE_EXPIRE, MEMBERSHIP_STATUS) VALUES ('LM001', 'Akshay', 'CHENNAI', TO_DATE('12-06-2018', 'DD-MM-YYYY'), TO_DATE('26-10-2020', 'DD-MM-YYYY'), 'Temporary');
INSERT INTO LMS_MEMBERS VALUES ('LM002', 'Amruta', 'PUNE', TO_DATE('02-03-2020', 'DD-MM-YYYY'), TO_DATE('03-06-2020', 'DD-MM-YYYY'), 'Temporary');
INSERT INTO LMS_MEMBERS VALUES ('LM003', 'Ashish', 'CHENNAI', TO_DATE('12-06-2018', 'DD-MM-YYYY'), TO_DATE('17-08-2020', 'DD-MM-YYYY'), 'Permanent');
INSERT INTO LMS_MEMBERS VALUES ('LM004', 'Bhakti', 'CHENNAI', TO_DATE('12-06-2018', 'DD-MM-YYYY'), TO_DATE('12-05-2020', 'DD-MM-YYYY'), 'Temporary');
INSERT INTO LMS_MEMBERS VALUES ('LM005', 'Gautam', 'BANGALORE', TO_DATE('12-06-2018', 'DD-MM-YYYY'), TO_DATE('06-11-2020', 'DD-MM-YYYY'), 'Temporary');
INSERT INTO LMS_MEMBERS VALUES ('LM006', 'Hetvi', 'CHENNAI', TO_DATE('12-06-2018', 'DD-MM-YYYY'), TO_DATE('26-10-2020', 'DD-MM-YYYY'), 'Permanent');
INSERT INTO LMS_MEMBERS VALUES ('LM007', 'Mayur', 'Pune', TO_DATE('19-09-2019', 'DD-MM-YYYY'), TO_DATE('19-10-2020', 'DD-MM-YYYY'), 'Permanent');
INSERT INTO LMS_MEMBERS VALUES ('LM008', 'Nikhil', 'Bangalore', TO_DATE('09-03-2020', 'DD-MM-YYYY'), TO_DATE('03-06-2020', 'DD-MM-YYYY'), 'Permanent');
INSERT INTO LMS_MEMBERS VALUES ('LM009', 'Nikita', 'Delhi', TO_DATE('12-12-2012', 'DD-MM-YYYY'), TO_DATE('12-12-2021', 'DD-MM-YYYY'), 'Temporary');

select * from LMS_MEMBERS;

-- CREATE TABLE LMS_BOOK_ISSUE
CREATE TABLE LMS_BOOK_ISSUE
(
BOOK_ISSUE_NO NUMBER PRIMARY KEY,
MEMBER_ID VARCHAR2(10),
BOOK_CODE VARCHAR2(10),
DATE_ISSUE DATE,
DATE_RETURN DATE,
DATE_RETURNED DATE,
FINE_RANGE VARCHAR(3),
CONSTRAINT FK_MEMBER_ID FOREIGN KEY (MEMBER_ID) REFERENCES LMS_MEMBERS (MEMBER_ID),
CONSTRAINT FK_BOOK_CODE FOREIGN KEY (BOOK_CODE) REFERENCES LMS_BOOK_DETAILS (BOOK_CODE),
CONSTRAINT FK_FINE_RANGE FOREIGN KEY (FINE_RANGE) REFERENCES LMS_FINE_DETAILS (FINE_RANGE)
)

DESC LMS_BOOK_ISSUE

SELECT * FROM LMS_BOOK_ISSUE;

INSERT INTO LMS_BOOK_ISSUE (BOOK_ISSUE_NO, MEMBER_ID, BOOK_CODE, DATE_ISSUE, DATE_RETURN, DATE_RETURNED, FINE_RANGE)
VALUES (1, 'LM001', 'BL000001', TO_DATE('01-05-2012', 'DD-MM-YYYY'), TO_DATE('16-05-2012', 'DD-MM-YYYY'), TO_DATE('16-05-2012', 'DD-MM-YYYY'), NULL);

INSERT INTO LMS_BOOK_ISSUE (BOOK_ISSUE_NO, MEMBER_ID, BOOK_CODE, DATE_ISSUE, DATE_RETURN, DATE_RETURNED, FINE_RANGE)
VALUES (2, 'LM002', 'BL000002', TO_DATE('01-05-2012', 'DD-MM-YYYY'), TO_DATE('06-05-2012', 'DD-MM-YYYY'), TO_DATE('16-05-2012', 'DD-MM-YYYY'), 'R2');

INSERT INTO LMS_BOOK_ISSUE VALUES (3, 'LM003', 'BL000007', TO_DATE('01-04-2012', 'DD-MM-YYYY'), TO_DATE('16-04-2012', 'DD-MM-YYYY'), TO_DATE('20-04-2012', 'DD-MM-YYYY'), 'R1');

SELECT * FROM LMS_BOOK_ISSUE;

SELECT BOOK_ISSUE_NO FROM LMS_BOOK_ISSUE WHERE MEMBER_ID= 'LM002'
SELECT BOOK_CODE FROM LMS_BOOK_ISSUE WHERE MEMBER_ID= 'LM002'
